{"description":"项目私有配置文件。此文件中的内容将覆盖 project.config.json 中的相同字段。项目的改动优先同步到此文件中。详见文档：https://developers.weixin.qq.com/miniprogram/dev/devtools/projectconfig.html","projectname":"%E9%B8%AD%E6%A2%A8%E6%B5%B7%E6%8B%94","setting":{"compileHotReLoad":true,"urlCheck":true},"condition":{"miniprogram":{"list":[{"name":"pages/testPage/test","pathName":"pages/testPage/test","query":"","launchMode":"default","scene":null}]}}}